{
    "modelList": [
        {
            "location": "models/mmd/kizunaai/kizunaai.pmx",
            "line_locationx_1": 0.25321031862351034,
            "line_locationy_1": 8.4077764701555,
            "line_locationx_2": 0.733838227394456,
            "line_locationy_2": 8.4077764701555,
            "line_locationx_3": 0.25321031862351034,
            "line_locationy_3": 8.003386091741326,
            "line_locationx_4": 0.733838227394456,
            "line_locationy_4": 8.003386091741326
        },
        {
            "location": "models/mmd/るいのれ式物述有栖_配布用フォルダ/物述有栖.pmx",
            "line_locationx_1": 0.3145318104322176,
            "line_locationy_1": 4.7374714760801675,
            "line_locationx_2": 0.7820754748627562,
            "line_locationy_2": 4.7374714760801675,
            "line_locationx_3": 0.3145318104322176,
            "line_locationy_3": 4.322264789011256,
            "line_locationx_4": 0.7820754748627562,
            "line_locationy_4": 4.322264789011256
        },
        {
            "location": "models/mmd/『天宮こころ(Kokoro Amamiya)』/『天宮こころ(Kokoro Amamiya)』.pmx",
            "line_locationx_1": 0.3005752831357831,
            "line_locationy_1": 5.58533050933853,
            "line_locationx_2": 0.7611406839181053,
            "line_locationy_2": 5.58533050933853,
            "line_locationx_3": 0.3005752831357831,
            "line_locationy_3": 5.327134754354502,
            "line_locationx_4": 0.7611406839181053,
            "line_locationy_4": 5.327134754354502
        }
    ]
}